City_ID,City,Cloudiness,Wind Speed,Country,Date,Lat,Lng,Max Temp,Humidity
0,Shingu,93,3.36,JP,2022-01-26 01:02:11,33.7333,135.9833,51.19,51
1,Vardo,26,24.34,NO,2022-01-26 01:02:11,70.3705,31.1107,29.57,75
2,Albany,11,8.05,US,2022-01-26 00:58:41,42.6001,-73.9662,24.28,72
3,Coahuayana,0,3.04,MX,2022-01-26 01:02:11,18.7333,-103.6833,73.51,74
4,Severo-Kurilsk,45,5.75,RU,2022-01-26 01:02:12,50.6789,156.125,26.38,55
5,Hermanus,94,12.88,ZA,2022-01-26 01:02:12,-34.4187,19.2345,66.79,85
6,Yar-Sale,100,17.78,RU,2022-01-26 01:02:12,66.8333,70.8333,11.48,94
7,Kavieng,99,7.52,PG,2022-01-26 01:02:13,-2.5744,150.7967,84.15,73
8,Rikitea,100,16.55,PF,2022-01-26 01:02:13,-23.1203,-134.9692,78.55,75
9,Puerto Ayora,76,6.35,EC,2022-01-26 01:02:13,-0.7393,-90.3518,73.87,88
10,Cidreira,74,17.16,BR,2022-01-26 01:02:14,-30.1811,-50.2056,77.5,87
11,Busselton,24,11.41,AU,2022-01-26 01:02:14,-33.65,115.3333,67.08,54
12,Xuddur,4,12.82,SO,2022-01-26 01:02:14,4.1213,43.8894,65.3,60
13,Cabo San Lucas,100,4.0,MX,2022-01-26 01:02:14,22.8909,-109.9124,71.51,54
14,Carnarvon,0,16.02,AU,2022-01-26 01:02:15,-24.8667,113.6333,81.55,49
15,Punta Arenas,0,27.63,CL,2022-01-26 00:59:54,-53.15,-70.9167,48.31,57
16,Saskylakh,100,19.24,RU,2022-01-26 01:02:15,71.9167,114.0833,10.33,85
17,Kuytun,100,3.83,RU,2022-01-26 01:02:15,54.3419,101.5036,-7.04,100
18,Jamestown,99,2.8,US,2022-01-26 01:01:03,42.097,-79.2353,16.72,96
19,Mataura,100,3.4,NZ,2022-01-26 01:01:44,-46.1927,168.8643,55.47,96
20,Thompson,100,12.95,CA,2022-01-26 01:02:16,55.7435,-97.8558,-2.79,86
21,Veshenskaya,88,5.59,RU,2022-01-26 01:02:16,49.6303,41.7334,14.23,98
22,Avarua,75,2.3,CK,2022-01-26 01:02:16,-21.2078,-159.775,80.65,78
23,Berlevag,100,27.36,NO,2022-01-26 01:02:17,70.8578,29.0864,31.42,65
24,Atuona,3,17.47,PF,2022-01-26 01:02:17,-9.8,-139.0333,78.31,74
25,Souillac,40,10.36,MU,2022-01-26 01:02:17,-20.5167,57.5167,75.58,69
26,Yellowknife,76,10.0,CA,2022-01-26 01:00:10,62.456,-114.3525,0.55,88
27,Barrow,75,21.85,US,2022-01-26 01:02:18,71.2906,-156.7887,-5.78,77
28,Boralday,75,4.47,KZ,2022-01-26 01:02:18,43.3578,76.8594,22.86,93
29,Micheweni,20,14.03,TZ,2022-01-26 01:02:18,-4.9667,39.8333,79.38,73
30,Bubaque,84,7.45,GW,2022-01-26 01:02:19,11.2833,-15.8333,80.11,58
31,Ushuaia,75,21.85,AR,2022-01-26 00:59:55,-54.8,-68.3,42.46,75
32,Seydi,0,8.41,TM,2022-01-26 01:02:19,39.4816,62.9137,33.03,70
33,Salalah,5,7.29,OM,2022-01-26 01:02:20,17.0151,54.0924,67.12,33
34,Port Alfred,100,10.87,ZA,2022-01-26 01:02:20,-33.5906,26.891,72.01,85
35,Nioro,100,7.61,GM,2022-01-26 01:02:20,13.35,-15.75,79.72,9
36,Nalgonda,0,7.61,IN,2022-01-26 01:02:21,17.05,79.2667,61.48,54
37,Butaritari,20,16.62,KI,2022-01-26 01:02:21,3.0707,172.7902,82.15,79
38,Ketchikan,100,6.91,US,2022-01-26 01:02:21,55.3422,-131.6461,42.78,93
39,Syracuse,0,6.67,IT,2022-01-26 01:02:21,37.0881,15.2792,36.9,62
40,Kodiak,80,2.82,US,2022-01-26 01:02:22,57.79,-152.4072,31.68,64
41,Hobart,75,8.05,AU,2022-01-26 01:01:40,-42.8794,147.3294,67.01,73
42,Bahia Honda,0,7.2,CU,2022-01-26 01:02:22,22.9036,-83.1592,70.86,83
43,Split,0,8.05,HR,2022-01-26 00:59:50,43.5089,16.4392,42.91,39
44,Porec,5,4.85,HR,2022-01-26 01:02:22,45.2258,13.5939,39.45,85
45,Margate,100,3.0,GB,2022-01-26 01:02:23,51.3813,1.3862,36.97,82
46,New Norfolk,100,1.99,AU,2022-01-26 01:02:23,-42.7826,147.0587,66.65,61
47,Bayeux,20,4.61,BR,2022-01-26 01:03:23,-7.125,-34.9322,79.43,83
48,Vaini,20,6.91,TO,2022-01-26 01:03:24,-21.2,-175.2,86.16,79
49,Sorong,73,13.94,ID,2022-01-26 01:03:24,-0.8833,131.25,84.67,78
50,Oktyabrskoye,32,3.8,RU,2022-01-26 01:03:24,43.0645,44.7417,17.62,90
51,Hermosillo,0,5.01,MX,2022-01-26 01:03:24,29.0667,-110.9667,72.84,27
52,Airai,100,4.21,TL,2022-01-26 01:03:25,-8.9266,125.4092,70.66,64
53,Cockburn Town,0,9.42,TC,2022-01-26 01:02:15,21.4612,-71.1419,76.96,71
54,Senador Jose Porfirio,67,3.67,BR,2022-01-26 01:03:25,-2.5908,-51.9542,75.4,85
55,Cap Malheureux,1,1.99,MU,2022-01-26 01:03:25,-19.9842,57.6142,75.69,75
56,Cape Town,2,7.0,ZA,2022-01-26 01:00:10,-33.9258,18.4232,66.11,81
57,Saldanha,0,17.67,ZA,2022-01-26 01:03:26,-33.0117,17.9442,62.85,89
58,Santa Vitoria Do Palmar,100,2.59,BR,2022-01-26 01:03:26,-33.5189,-53.3681,74.79,95
59,Mazamari,88,1.95,PE,2022-01-26 01:03:26,-11.3258,-74.5308,70.2,98
60,Changji,75,2.24,CN,2022-01-26 01:03:27,44.0167,87.3167,7.59,85
61,Brae,48,33.02,GB,2022-01-26 01:03:27,60.3964,-1.353,44.51,70
62,Cherskiy,75,5.32,RU,2022-01-26 01:03:27,68.75,161.3,-42.43,99
63,Los Llanos De Aridane,40,4.0,ES,2022-01-26 01:03:27,28.6585,-17.9182,60.55,60
64,Athens,40,1.99,GR,2022-01-26 01:03:28,37.9795,23.7162,37.38,58
65,Pevek,75,3.6,RU,2022-01-26 01:03:28,69.7008,170.3133,-33.25,100
66,San Patricio,0,9.93,US,2022-01-26 01:03:28,28.017,-97.5169,57.09,73
67,Arraial Do Cabo,0,19.98,BR,2022-01-26 01:03:29,-22.9661,-42.0278,76.15,88
68,Ayacucho,94,4.27,PE,2022-01-26 01:03:29,-13.1583,-74.2239,59.94,75
69,Auki,100,6.69,SB,2022-01-26 01:03:29,-8.7676,160.7034,80.74,85
70,Sao Filipe,2,11.1,CV,2022-01-26 01:03:30,14.8961,-24.4956,75.81,60
71,Imbituba,7,14.9,BR,2022-01-26 01:03:30,-28.24,-48.6703,80.49,88
72,Rawson,1,18.95,AR,2022-01-26 01:03:30,-43.3002,-65.1023,62.31,63
73,Chokurdakh,100,7.34,RU,2022-01-26 01:03:30,70.6333,147.9167,-31.83,100
74,College,40,10.36,US,2022-01-26 01:03:31,64.8569,-147.8028,19.35,70
75,Tura,1,3.6,IN,2022-01-26 01:03:31,25.5198,90.2201,54.97,76
76,Hofn,16,15.26,IS,2022-01-26 01:03:31,64.2539,-15.2082,34.11,55
77,Kapaa,40,1.99,US,2022-01-26 01:03:32,22.0752,-159.319,78.78,68
78,Castro,6,4.56,BR,2022-01-26 01:03:32,-24.7911,-50.0119,66.42,64
79,Hovd,4,4.68,MN,2022-01-26 01:03:32,48.0056,91.6419,-11.33,75
80,Itarema,99,11.27,BR,2022-01-26 01:03:33,-2.9248,-39.9167,80.53,74
81,Vostok,100,1.41,RU,2022-01-26 01:03:33,46.4856,135.8833,7.48,89
82,North Bend,0,4.61,US,2022-01-26 01:03:33,43.4065,-124.2243,57.11,71
83,Tiksi,100,11.14,RU,2022-01-26 01:03:34,71.6872,128.8694,-5.87,94
84,Uwajima,94,10.96,JP,2022-01-26 01:03:34,33.2238,132.56,48.92,83
85,Nantucket,90,16.35,US,2022-01-26 01:00:29,41.2835,-70.0995,38.14,80
86,Leshukonskoye,53,4.76,RU,2022-01-26 01:03:34,64.8989,45.7622,7.72,96
87,Dikson,100,30.04,RU,2022-01-26 01:03:34,73.5069,80.5464,11.59,92
88,Lavrentiya,10,5.48,RU,2022-01-26 01:03:35,65.5833,-171.0,-20.15,87
89,Camacha,40,17.27,PT,2022-01-26 01:03:35,33.0833,-16.3333,58.42,63
90,Tukrah,100,22.91,LY,2022-01-26 01:03:35,32.5341,20.5791,48.81,51
91,Korcula,4,6.96,HR,2022-01-26 01:03:36,42.9622,17.1369,43.65,43
92,Kavaratti,100,6.31,IN,2022-01-26 01:03:36,10.5669,72.642,77.4,53
93,Helong,14,5.01,CN,2022-01-26 01:03:36,42.5397,128.9972,18.05,67
94,East London,100,3.94,ZA,2022-01-26 01:04:36,-33.0153,27.9116,72.36,85
95,Bluff,99,16.06,NZ,2022-01-26 01:04:37,-46.6,168.3333,55.8,78
96,Saint-Philippe,95,12.44,RE,2022-01-26 01:04:37,-21.3585,55.7679,74.79,69
97,Bethel,0,3.44,US,2022-01-26 01:03:51,41.3712,-73.414,34.05,60
98,Vao,63,9.08,NC,2022-01-26 01:04:38,-22.6667,167.4833,77.34,71
99,Wewak,93,1.99,PG,2022-01-26 01:04:38,-3.5534,143.6268,84.51,68
100,Kenai,0,0.0,US,2022-01-26 01:04:02,60.5544,-151.2583,33.89,80
101,Xichang,87,4.18,CN,2022-01-26 01:04:38,27.8964,102.2634,46.11,89
102,Waw,17,4.83,SS,2022-01-26 01:04:38,7.7029,27.9953,72.63,25
103,Noumea,96,9.62,NC,2022-01-26 01:04:39,-22.2763,166.4572,85.98,99
104,Isangel,15,5.95,VU,2022-01-26 01:04:39,-19.55,169.2667,85.55,71
105,Katsuura,100,15.23,JP,2022-01-26 01:04:40,35.1333,140.3,46.18,91
106,Bilibino,53,3.09,RU,2022-01-26 01:04:40,68.0546,166.4372,-38.49,96
107,Namibe,96,2.17,AO,2022-01-26 01:04:40,-15.1961,12.1522,75.13,84
108,Passo De Camaragibe,98,3.94,BR,2022-01-26 01:04:40,-9.2368,-35.4901,80.15,84
109,Emerald,100,13.31,AU,2022-01-26 01:03:19,-23.5333,148.1667,87.35,42
110,Port Lincoln,62,1.12,AU,2022-01-26 01:00:28,-34.7333,135.8667,75.65,73
111,Lebu,0,14.94,CL,2022-01-26 01:04:41,-37.6167,-73.65,58.08,88
112,Dovolnoye,100,7.87,RU,2022-01-26 01:04:41,54.4958,79.6671,9.09,95
113,Upernavik,98,8.7,GL,2022-01-26 01:04:42,72.7868,-56.1549,1.51,94
114,Meulaboh,92,3.47,ID,2022-01-26 01:04:42,4.1363,96.1285,77.05,85
115,Shitanjing,65,2.77,CN,2022-01-26 01:04:42,39.2342,106.3439,20.26,52
116,Tasiilaq,16,8.3,GL,2022-01-26 01:04:42,65.6145,-37.6368,17.76,72
117,Evanston,13,3.0,US,2022-01-26 01:02:11,42.0411,-87.6901,6.94,63
118,Makakilo City,20,6.91,US,2022-01-26 01:04:43,21.3469,-158.0858,79.12,54
119,Vicam,100,6.04,MX,2022-01-26 01:04:43,27.6333,-110.2833,67.8,45
120,Mar Del Plata,0,1.99,AR,2022-01-26 01:01:09,-38.0023,-57.5575,75.09,95
121,Buraydah,0,10.98,SA,2022-01-26 01:04:43,26.326,43.975,58.69,41
122,Torbay,100,5.99,CA,2022-01-26 01:00:29,47.6666,-52.7314,26.76,90
123,Nanortalik,100,9.06,GL,2022-01-26 01:04:44,60.1432,-45.2371,26.4,93
124,Khatanga,80,13.24,RU,2022-01-26 01:04:44,71.9667,102.5,-2.97,86
125,Buchanan,5,2.35,LR,2022-01-26 01:04:45,5.8808,-10.0467,77.41,86
126,Qaanaaq,10,7.54,GL,2022-01-26 01:04:45,77.484,-69.3632,-10.7,57
127,Carutapera,51,6.4,BR,2022-01-26 01:04:45,-1.195,-46.02,76.51,89
128,Northam,100,1.99,GB,2022-01-26 01:04:45,51.0333,-4.2167,43.09,89
129,Puerto Quijarro,99,3.27,BO,2022-01-26 01:04:46,-17.7833,-57.7667,79.21,73
130,Nikolskoye,71,3.15,RU,2022-01-26 01:04:46,59.7035,30.7861,15.69,99
131,Igrim,100,7.92,RU,2022-01-26 01:04:46,63.1906,64.4162,13.24,91
132,Ingham,100,9.22,US,2022-01-26 01:04:47,42.6,-84.3833,17.74,73
133,Buin,0,3.96,CL,2022-01-26 01:04:47,-33.7333,-70.75,77.74,55
134,Victoria,99,11.99,HK,2022-01-26 01:00:54,22.2855,114.1577,67.24,89
135,Mudgee,100,10.36,AU,2022-01-26 01:04:47,-32.5943,149.5871,73.78,73
136,Mahebourg,40,10.36,MU,2022-01-26 01:04:47,-20.4081,57.7,75.49,69
137,Buala,100,5.64,SB,2022-01-26 01:05:48,-8.145,159.5921,82.15,78
138,Matamoros,40,5.75,MX,2022-01-26 01:05:48,25.5333,-103.25,68.11,24
139,Belmonte,100,7.65,BR,2022-01-26 01:05:48,-15.8631,-38.8828,79.3,83
140,Conde,20,4.61,BR,2022-01-26 01:05:49,-7.2597,-34.9075,78.26,83
141,Kawalu,100,1.95,ID,2022-01-26 01:05:49,-7.3817,108.2082,78.62,80
142,Kaitangata,100,6.78,NZ,2022-01-26 01:05:49,-46.2817,169.8464,53.01,95
143,Bud,1,9.51,US,2022-01-26 01:05:50,39.447,-86.1758,21.16,61
144,Mehamn,100,26.17,NO,2022-01-26 01:05:50,71.0357,27.8492,30.88,65
145,Mana,100,9.26,GF,2022-01-26 01:05:50,5.6592,-53.7767,76.59,84
146,Great Bend,100,4.61,US,2022-01-26 01:05:51,38.3645,-98.7648,21.25,88
147,Kutum,100,8.86,SD,2022-01-26 01:05:51,14.2,24.6667,57.04,27
148,Zaysan,46,3.02,KZ,2022-01-26 01:05:51,47.4667,84.8667,-9.29,83
149,Longyearbyen,40,14.97,SJ,2022-01-26 01:01:36,78.2186,15.6401,15.64,57
150,Zolotyy Potik,96,16.71,UA,2022-01-26 01:05:52,48.9095,25.3393,34.09,94
151,Mackenzie,89,6.13,CA,2022-01-26 01:05:52,55.2999,-123.1698,27.05,97
152,Panaba,13,7.54,MX,2022-01-26 01:05:52,21.2833,-88.2667,73.0,93
153,Sitka,100,6.91,US,2022-01-26 01:05:52,57.0531,-135.33,39.09,87
154,Kingsport,20,1.99,US,2022-01-26 01:05:53,36.5484,-82.5618,41.85,83
155,Port Elizabeth,90,9.8,ZA,2022-01-26 01:05:53,-33.918,25.5701,70.11,88
156,Bengkulu,95,3.58,ID,2022-01-26 01:05:53,-3.8004,102.2655,78.35,80
157,Hilo,9,3.0,US,2022-01-26 01:05:54,19.7297,-155.09,75.25,78
158,Kashi,100,3.67,CN,2022-01-26 01:05:54,39.4547,75.9797,24.08,55
159,Nuuk,100,11.5,GL,2022-01-26 01:05:54,64.1835,-51.7216,23.61,74
160,Iguatemi,100,11.95,BR,2022-01-26 01:05:55,-23.6803,-54.5611,79.16,77
161,Leningradskiy,25,4.38,RU,2022-01-26 01:05:55,69.3833,178.4167,-26.91,86
162,Fortuna,4,1.01,US,2022-01-26 01:05:55,40.5982,-124.1573,54.19,83
163,Tumut,0,5.1,AU,2022-01-26 01:05:55,-35.3,148.2167,86.68,37
164,Havre-Saint-Pierre,100,12.66,CA,2022-01-26 01:05:56,50.2334,-63.5986,10.76,85
165,Kalnibolotskaya,18,3.11,RU,2022-01-26 01:05:56,46.0058,40.4568,18.57,95
166,Antofagasta,8,4.34,CL,2022-01-26 01:05:56,-23.65,-70.4,65.48,76
167,Georgetown,20,5.75,MY,2022-01-26 01:05:57,5.4112,100.3354,80.53,83
168,Mayya,100,6.58,RU,2022-01-26 01:05:57,61.7333,130.2811,-20.88,97
169,Lagoa,100,8.75,PT,2022-01-26 01:03:07,39.05,-27.9833,58.62,82
170,Sorland,100,28.36,NO,2022-01-26 01:05:57,67.667,12.6934,37.33,96
171,Kloulklubed,95,19.69,PW,2022-01-26 01:05:58,7.0419,134.2556,82.9,73
172,Westport,0,3.0,US,2022-01-26 01:05:58,41.1415,-73.3579,35.74,56
173,Salym,100,3.62,RU,2022-01-26 01:05:58,60.0625,71.4789,-11.51,100
174,Baruun-Urt,6,5.12,MN,2022-01-26 01:05:58,46.6806,113.2792,-7.31,92
175,Saint-Louis,97,10.65,SN,2022-01-26 01:05:59,16.3333,-15.0,75.2,12
176,Necochea,46,6.06,AR,2022-01-26 01:05:59,-38.5473,-58.7368,76.03,83
177,Maldonado,100,6.71,UY,2022-01-26 01:01:27,-34.6667,-54.9167,77.23,97
178,Marawi,100,2.44,PH,2022-01-26 01:06:00,7.9986,124.2928,69.66,79
179,Hirara,99,17.49,JP,2022-01-26 01:06:00,24.8,125.2833,69.03,74
180,Turayf,0,8.21,SA,2022-01-26 01:06:00,31.6725,38.6637,40.28,58
181,Bilma,2,17.4,NE,2022-01-26 01:06:01,18.6853,12.9164,55.85,26
182,Port Blair,20,5.75,IN,2022-01-26 01:06:01,11.6667,92.75,80.64,74
183,Soyo,100,4.43,AO,2022-01-26 01:07:01,-6.1349,12.3689,76.84,81
184,Teguldet,100,5.28,RU,2022-01-26 01:07:02,57.3064,88.1667,9.41,95
185,Bathsheba,20,6.91,BB,2022-01-26 01:07:02,13.2167,-59.5167,74.01,83
186,Zhuhai,40,6.91,CN,2022-01-26 01:05:03,22.2769,113.5678,66.97,94
187,Rustenburg,77,5.61,ZA,2022-01-26 01:07:02,-25.6676,27.2421,68.61,64
188,Itaituba,100,0.58,BR,2022-01-26 01:02:08,-4.2761,-55.9836,74.37,93
189,Chuy,100,3.42,UY,2022-01-26 01:07:03,-33.6971,-53.4616,74.44,95
190,Marang,51,2.86,MY,2022-01-26 01:07:03,5.2056,103.2059,77.36,81
191,Baijiantan,80,0.69,CN,2022-01-26 01:07:03,45.6333,85.1833,2.39,95
192,Kamenka,89,5.19,RU,2022-01-26 01:07:04,51.3223,42.7678,2.34,100
193,Aksarka,100,12.62,RU,2022-01-26 01:07:04,66.5606,67.7975,12.58,94
194,Griffith,0,1.01,US,2022-01-26 01:07:04,41.5284,-87.4237,7.9,64
195,Barentu,9,5.01,ER,2022-01-26 01:07:04,15.1139,37.5928,63.18,77
196,Bhadasar,0,4.88,IN,2022-01-26 01:07:05,28.2833,74.3167,53.13,51
197,Peniche,0,9.1,PT,2022-01-26 01:07:05,39.3558,-9.3811,51.1,80
198,Sao Joao Da Barra,4,9.15,BR,2022-01-26 01:04:07,-21.6403,-41.0511,75.43,90
199,Kushiro,100,7.85,JP,2022-01-26 01:07:06,42.975,144.3747,24.66,90
200,Chapais,100,5.3,CA,2022-01-26 01:07:06,49.7834,-74.8492,-20.88,98
201,Kabanjahe,100,1.21,ID,2022-01-26 01:07:06,3.1001,98.4908,63.36,95
202,Polunochnoye,10,4.83,RU,2022-01-26 01:07:06,60.8697,60.4153,4.64,91
203,Kalmunai,89,1.61,LK,2022-01-26 01:07:07,7.4167,81.8167,72.81,80
204,Kushima,4,7.56,JP,2022-01-26 01:07:07,31.4583,131.2333,54.86,58
205,Narathiwat,55,4.72,TH,2022-01-26 01:07:07,6.3333,101.75,80.11,84
206,Bacolod,97,7.92,PH,2022-01-26 01:07:08,10.6667,122.95,81.52,79
207,Moerai,100,11.23,PF,2022-01-26 01:07:08,-22.4333,-151.3333,79.7,78
208,Kirensk,99,2.46,RU,2022-01-26 01:07:08,57.7853,108.1119,-8.48,100
209,Ijsselstein,100,5.66,NL,2022-01-26 01:07:08,52.0167,5.0333,39.25,86
210,Dunedin,99,8.01,NZ,2022-01-26 01:07:09,-45.8742,170.5036,56.8,84
211,Akyab,66,6.29,MM,2022-01-26 01:07:09,20.15,92.9,70.63,76
212,Srednekolymsk,95,6.08,RU,2022-01-26 01:07:09,67.45,153.6833,-33.9,100
213,Waipawa,74,5.44,NZ,2022-01-26 01:07:10,-41.4122,175.5153,70.43,59
214,San Quintin,19,5.68,MX,2022-01-26 01:07:10,30.4833,-115.95,58.39,73
215,Lompoc,0,10.36,US,2022-01-26 01:07:10,34.6391,-120.4579,62.13,82
216,Sambava,99,9.78,MG,2022-01-26 01:07:10,-14.2667,50.1667,75.63,85
217,Hanmer Springs,17,7.11,NZ,2022-01-26 01:07:11,-42.5167,172.8167,76.15,48
218,Jaruco,0,7.67,CU,2022-01-26 01:06:06,23.0431,-82.0108,72.63,87
219,Katangli,95,7.65,RU,2022-01-26 01:07:11,51.7102,143.2326,3.2,91
220,Bredasdorp,100,9.62,ZA,2022-01-26 01:07:12,-34.5322,20.0403,66.27,87
221,Port Moresby,100,3.83,PG,2022-01-26 01:07:12,-9.4431,147.1797,85.42,67
222,Kaka,37,5.32,TM,2022-01-26 01:07:12,37.3482,59.6143,38.35,44
223,Poum,13,9.6,NC,2022-01-26 01:07:13,-20.2333,164.0167,80.69,72
224,Te Anau,95,3.31,NZ,2022-01-26 01:07:13,-45.4167,167.7167,56.5,83
225,Simpang,100,3.94,ID,2022-01-26 01:07:13,-1.2667,104.0833,77.83,88
226,Snyder,0,10.36,US,2022-01-26 01:06:41,32.7179,-100.9176,52.52,37
227,Wanning,100,3.27,CN,2022-01-26 01:07:14,18.8003,110.3967,73.33,85
228,Grindavik,75,3.44,IS,2022-01-26 01:07:14,63.8424,-22.4338,30.67,100
229,Kruisfontein,100,7.81,ZA,2022-01-26 01:08:14,-34.0033,24.7314,67.89,93
230,Boyolangu,75,3.98,ID,2022-01-26 01:08:15,-8.1181,111.8935,80.24,80
231,Vila Franca Do Campo,97,8.61,PT,2022-01-26 01:08:15,37.7167,-25.4333,58.19,79
232,Sola,99,16.49,VU,2022-01-26 01:08:15,-13.8833,167.55,81.59,80
233,Fuglebjerg,100,13.02,DK,2022-01-26 01:08:15,55.306,11.5477,42.67,91
234,Cabatuan,100,12.01,PH,2022-01-26 01:08:16,10.8794,122.486,78.78,88
235,Lebedinyy,100,5.06,RU,2022-01-26 01:08:16,58.5167,125.5167,-12.51,98
236,Saint-Pierre,75,9.22,RE,2022-01-26 01:08:16,-21.3393,55.4781,74.88,69
237,Liku,100,1.61,ID,2022-01-26 01:08:17,-0.7275,119.8922,84.11,62
238,Kahului,20,12.66,US,2022-01-26 01:08:17,20.8947,-156.47,84.22,53
239,Abu Dhabi,0,2.3,AE,2022-01-26 01:05:49,24.4667,54.3667,67.96,83
240,Kedrovyy,100,3.29,RU,2022-01-26 01:07:02,56.1667,91.8167,5.41,97
241,Kogon,0,4.61,UZ,2022-01-26 01:08:17,39.7228,64.5517,26.64,100
242,Kerema,66,6.73,PG,2022-01-26 01:08:18,-7.9631,145.7785,84.7,75
243,Talnakh,90,12.19,RU,2022-01-26 01:08:18,69.4865,88.3972,1.2,96
244,Dabat,11,4.83,ET,2022-01-26 01:08:18,12.9842,37.765,52.32,35
245,Grand Gaube,1,1.99,MU,2022-01-26 01:08:19,-20.0064,57.6608,75.6,75
246,Pretoria,100,8.23,ZA,2022-01-26 01:08:19,-25.7449,28.1878,67.75,73
247,Nome,20,0.0,US,2022-01-26 01:08:19,64.5011,-165.4064,-7.53,84
248,Okhotsk,100,8.03,RU,2022-01-26 01:08:19,59.3833,143.3,-3.69,95
249,La Ronge,100,13.78,CA,2022-01-26 01:08:20,55.1001,-105.2842,18.79,93
250,Hasaki,100,19.37,JP,2022-01-26 01:08:20,35.7333,140.8333,39.6,85
251,Faya,22,4.14,SA,2022-01-26 01:08:20,18.3851,42.4509,50.52,81
252,Hithadhoo,100,17.94,MV,2022-01-26 01:08:21,-0.6,73.0833,81.1,67
253,Lorengau,100,6.38,PG,2022-01-26 01:08:21,-2.0226,147.2712,84.92,71
254,Asau,95,7.7,RO,2022-01-26 01:08:21,46.4333,26.4,22.28,77
255,Krasnoselkup,39,12.08,RU,2022-01-26 01:08:21,65.7,82.4667,-12.84,98
256,Namie,100,4.94,JP,2022-01-26 01:08:22,37.4833,141.0,40.77,72
257,Anshun,100,11.7,CN,2022-01-26 01:08:22,26.25,105.9333,48.81,96
258,Bandrele,0,4.61,YT,2022-01-26 01:08:22,-12.9067,45.1914,78.55,94
259,Arica,0,2.3,CL,2022-01-26 01:08:23,-18.475,-70.3042,68.23,73
260,Dodola,20,3.83,ET,2022-01-26 01:08:23,6.9833,39.1833,49.32,48
261,Khandyga,100,1.74,RU,2022-01-26 01:08:23,62.6667,135.6,-27.15,97
262,Kampene,100,1.32,CD,2022-01-26 01:08:24,-3.6,26.6667,67.08,99
263,Kasongo,100,2.42,CD,2022-01-26 01:08:24,-4.45,26.6667,66.43,96
264,Santa Rosalia,100,2.17,MX,2022-01-26 01:08:24,27.3167,-112.2833,64.63,43
265,Capim Grosso,100,5.03,BR,2022-01-26 01:08:25,-11.3811,-40.0128,70.45,88
266,Linhares,95,3.0,BR,2022-01-26 01:08:25,-19.3911,-40.0722,71.67,96
267,Tiarei,99,15.05,PF,2022-01-26 01:08:25,-17.5333,-149.3333,87.82,77
268,Clyde River,100,8.88,CA,2022-01-26 01:08:25,70.4692,-68.5914,-13.11,96
269,Iqaluit,100,2.19,CA,2022-01-26 01:08:26,63.7506,-68.5145,-28.95,98
270,Halifax,100,1.99,CA,2022-01-26 01:05:30,44.6453,-63.5724,37.47,96
271,Hervey Bay,100,1.7,AU,2022-01-26 01:08:26,-25.2986,152.8535,82.51,69
272,Dubbo,75,12.66,AU,2022-01-26 01:08:26,-32.25,148.6167,78.93,61
273,Saint Anthony,0,1.01,US,2022-01-26 01:08:27,45.0205,-93.218,-1.05,66
274,Tara,96,2.62,RU,2022-01-26 01:08:27,56.8944,74.371,-4.7,100
275,Atar,6,8.63,MR,2022-01-26 01:09:27,20.5169,-13.0499,68.13,34
276,Sarankhola,67,3.62,BD,2022-01-26 01:09:27,22.3082,89.7897,64.65,76
277,Segou,96,9.06,ML,2022-01-26 01:09:28,13.4317,-6.2157,69.58,14
278,Byron Bay,100,5.14,AU,2022-01-26 01:09:28,-28.65,153.6167,78.91,86
279,Ostuacan,74,2.98,MX,2022-01-26 01:09:28,17.4167,-93.3,69.37,97
280,Maragogi,89,8.75,BR,2022-01-26 01:09:29,-9.0122,-35.2225,79.86,76
281,Gubkinskiy,98,13.76,RU,2022-01-26 01:09:29,64.434,76.5026,-4.72,99
282,Oromocto,72,2.77,CA,2022-01-26 01:09:29,45.8351,-66.4792,15.94,87
283,Riyadh,0,10.2,SA,2022-01-26 01:09:01,24.6877,46.7219,57.34,40
284,Touros,100,12.73,BR,2022-01-26 01:09:30,-5.1989,-35.4608,81.5,76
285,Nouadhibou,99,21.36,MR,2022-01-26 01:09:30,20.931,-17.0347,65.14,82
286,Maceio,40,3.44,BR,2022-01-26 01:09:30,-9.6658,-35.7353,80.04,89
287,Portland,20,3.0,US,2022-01-26 01:05:49,45.5234,-122.6762,47.88,67
288,Karratha,0,10.07,AU,2022-01-26 01:09:31,-20.7377,116.8463,86.0,64
289,Camargo,26,6.02,MX,2022-01-26 01:09:31,27.6667,-105.1667,59.9,13
290,Ilulissat,100,23.02,GL,2022-01-26 01:09:31,69.2167,-51.1,14.02,52
291,Grants Pass,0,1.01,US,2022-01-26 01:07:34,42.439,-123.3284,56.71,63
292,Tual,93,9.78,ID,2022-01-26 01:09:32,-5.6667,132.75,84.2,74
293,Bougouni,98,5.77,ML,2022-01-26 01:09:32,11.417,-7.479,70.2,12
294,Meadville,75,3.44,US,2022-01-26 01:07:38,41.6414,-80.1515,19.24,76
295,Zyryanka,87,6.24,RU,2022-01-26 01:09:33,65.75,150.85,-34.73,99
296,Pochutla,0,4.05,MX,2022-01-26 01:09:33,15.7432,-96.4661,79.83,78
297,Constitucion,0,8.9,CL,2022-01-26 01:09:33,-35.3333,-72.4167,57.0,93
298,Kysyl-Syr,91,6.2,RU,2022-01-26 01:09:33,63.8986,122.7617,-13.99,97
299,Ko Samui,66,9.31,TH,2022-01-26 01:09:34,9.5357,99.9357,80.62,75
300,Galle,89,4.63,LK,2022-01-26 01:09:34,6.0367,80.217,71.89,85
301,Rivadavia,8,10.2,AR,2022-01-26 01:09:34,-33.1905,-68.4608,84.81,48
302,Okha,82,11.74,RU,2022-01-26 01:09:35,53.5739,142.9478,-2.24,96
303,Pisco,0,18.41,PE,2022-01-26 01:09:35,-13.7,-76.2167,68.05,83
304,Naze,43,9.66,JP,2022-01-26 01:09:35,28.3667,129.4833,60.46,64
305,Tuktoyaktuk,100,31.07,CA,2022-01-26 01:09:35,69.4541,-133.0374,17.6,93
306,Marystown,100,10.16,CA,2022-01-26 01:06:18,47.1666,-55.1483,30.85,100
307,Mariental,6,9.78,NA,2022-01-26 01:09:36,-24.6333,17.9667,78.78,30
308,Bijar,100,3.74,IR,2022-01-26 01:09:36,35.8668,47.6051,18.34,99
309,Bardiyah,62,13.78,LY,2022-01-26 01:09:36,31.7561,25.0865,44.92,84
310,Kashan,0,5.44,IR,2022-01-26 01:09:37,33.9831,51.4364,43.54,47
311,Port-Cartier,88,6.02,CA,2022-01-26 01:09:37,50.0334,-66.8654,8.74,99
312,Turinsk,100,6.31,RU,2022-01-26 01:07:55,58.0458,63.696,8.94,91
313,Mitsamiouli,100,10.47,KM,2022-01-26 01:09:37,-11.3847,43.2844,80.89,76
314,Cotonou,2,2.8,BJ,2022-01-26 01:05:43,6.3654,2.4183,77.5,75
315,Imuris,0,7.45,MX,2022-01-26 01:09:38,30.7833,-110.8667,57.0,25
316,Ahipara,4,8.84,NZ,2022-01-26 01:09:38,-35.1667,173.1667,75.72,71
317,Wagar,33,15.05,SD,2022-01-26 01:09:38,16.1525,36.2032,66.88,81
318,Porto-Vecchio,0,6.29,FR,2022-01-26 01:09:39,41.591,9.2795,45.86,80
319,Provideniya,0,6.71,RU,2022-01-26 01:09:39,64.3833,-173.3,-6.65,70
320,Upata,94,7.09,VE,2022-01-26 01:09:39,8.0086,-62.3989,73.18,84
321,Uribia,100,15.55,CO,2022-01-26 01:09:40,11.7139,-72.266,77.9,71
322,Tuatapere,91,6.06,NZ,2022-01-26 01:10:40,-46.1333,167.6833,55.81,90
323,Manadhoo,100,9.31,MV,2022-01-26 01:10:40,5.7667,73.3833,79.75,64
324,Blackwater,100,10.8,AU,2022-01-26 01:10:41,-23.5833,148.8833,83.32,54
325,Singaraja,63,5.08,ID,2022-01-26 01:10:41,-8.112,115.0882,85.96,77
326,Palora,100,1.28,EC,2022-01-26 01:10:41,-1.7,-77.9333,66.67,99
327,Nizhnevartovsk,75,2.24,RU,2022-01-26 01:10:42,60.9344,76.5531,-3.98,84
328,Nishihara,20,10.36,JP,2022-01-26 01:10:42,26.1842,127.7558,67.68,63
329,Biloela,100,6.13,AU,2022-01-26 01:10:43,-24.4167,150.5,86.54,47
330,Bage,0,5.75,BR,2022-01-26 01:10:43,-31.3314,-54.1069,82.18,78
331,Broome,100,3.0,US,2022-01-26 01:10:43,42.2506,-75.833,21.16,85
332,Praia Da Vitoria,99,8.32,PT,2022-01-26 01:10:44,38.7333,-27.0667,58.75,89
333,Esperance,100,13.29,AU,2022-01-26 01:10:44,-33.8667,121.9,67.84,79
334,Maxixe,94,9.98,MZ,2022-01-26 01:10:44,-23.8597,35.3472,78.06,90
335,Ballachulish,100,5.3,GB,2022-01-26 01:10:44,56.6774,-5.1308,45.41,96
336,Cabedelo,100,12.57,BR,2022-01-26 01:10:45,-6.9811,-34.8339,79.47,73
337,Srandakan,100,7.78,ID,2022-01-26 01:10:45,-7.9386,110.2506,81.77,79
338,Popova,11,11.61,RU,2022-01-26 01:10:45,42.9603,131.7228,15.1,76
339,Dakar,58,15.93,SN,2022-01-26 01:10:45,14.6937,-17.4441,77.88,64
340,Ponta Do Sol,24,8.08,PT,2022-01-26 01:10:46,32.6667,-17.1,61.43,55
341,Perth,0,5.75,AU,2022-01-26 01:05:49,-31.9333,115.8333,74.66,55
342,Indapur,0,2.15,IN,2022-01-26 01:10:46,18.3,73.25,59.79,61
343,Marataizes,0,9.22,BR,2022-01-26 01:10:46,-21.0433,-40.8244,74.28,89
344,Nabire,98,2.75,ID,2022-01-26 01:10:47,-3.3667,135.4833,83.95,77
345,Promyshlennaya,100,6.82,RU,2022-01-26 01:10:47,54.9159,85.6385,-1.25,94
346,Abu Zabad,98,16.87,SD,2022-01-26 01:10:47,12.35,29.25,66.29,21
347,Dothan,100,0.0,US,2022-01-26 01:08:56,31.2232,-85.3905,48.85,95
348,Kearney,100,1.01,US,2022-01-26 01:06:50,40.6995,-99.0815,20.32,76
349,Kropotkin,100,3.13,RU,2022-01-26 01:10:48,45.4375,40.5756,25.25,91
350,Koszeg,35,5.01,HU,2022-01-26 01:10:48,47.3892,16.541,25.48,93
351,Tevaitoa,99,14.45,PF,2022-01-26 01:10:48,-16.7833,-151.5,80.92,76
352,Norman Wells,100,19.62,CA,2022-01-26 01:10:49,65.282,-126.8329,37.2,78
353,Nola,1,2.26,IT,2022-01-26 01:10:49,40.922,14.5329,43.93,53
354,Bauchi,57,6.06,NG,2022-01-26 01:10:49,10.5,10.0,58.12,24
355,Laizhou,37,8.37,CN,2022-01-26 01:10:50,37.1717,119.9214,33.46,55
356,Catalina,5,4.54,US,2022-01-26 01:10:50,32.5056,-110.9211,61.52,29
357,Adrar,100,7.58,MR,2022-01-26 01:10:50,20.5022,-10.0711,67.23,16
358,Lawrenceburg,0,3.0,US,2022-01-26 01:10:51,38.0373,-84.8966,25.72,70
359,Turukhansk,91,6.33,RU,2022-01-26 01:10:51,65.8167,87.9833,-17.39,100
360,Ha Tinh,43,1.43,VN,2022-01-26 01:08:51,18.3333,105.9,71.98,88
361,Aripuana,100,2.28,BR,2022-01-26 01:10:51,-9.1667,-60.6333,74.01,96
362,Luderitz,6,21.77,NA,2022-01-26 01:10:51,-26.6481,15.1594,73.58,61
363,Cairns,94,3.44,AU,2022-01-26 01:10:52,-16.9167,145.7667,91.11,71
364,La Rioja,0,5.12,ES,2022-01-26 01:10:52,42.25,-2.5,33.12,68
365,Ponta Delgada,40,8.05,PT,2022-01-26 01:10:52,37.7333,-25.6667,58.5,94
366,Ngorongoro,99,2.33,TZ,2022-01-26 01:10:53,-3.2397,35.4875,53.58,79
367,Acapulco,40,4.61,MX,2022-01-26 01:06:47,16.8634,-99.8901,80.42,78
368,Narsaq,100,10.38,GL,2022-01-26 01:10:53,60.9167,-46.05,26.82,88
369,Dingle,100,12.33,PH,2022-01-26 01:10:53,10.9995,122.6711,79.92,86
370,Knyaze-Volkonskoye,98,1.14,RU,2022-01-26 01:11:54,48.4642,135.4567,-8.72,96
371,Alberton,100,12.33,CA,2022-01-26 01:11:54,46.8168,-64.0654,21.99,95
372,Oranjemund,26,13.62,NA,2022-01-26 01:11:54,-28.55,16.4333,63.86,92
373,Totness,54,10.67,SR,2022-01-26 01:11:55,5.8833,-56.3167,76.84,81
374,Surt,99,13.82,LY,2022-01-26 01:11:55,31.2089,16.5887,52.07,49
375,Santiago Del Estero,100,6.51,AR,2022-01-26 01:11:25,-27.7951,-64.2615,83.55,67
376,Longyan,64,2.35,CN,2022-01-26 01:11:55,25.1072,117.0225,61.47,84
377,Klaksvik,74,48.94,FO,2022-01-26 01:11:56,62.2266,-6.589,41.92,72
378,Mayo,100,11.01,US,2022-01-26 01:11:56,38.8876,-76.5119,36.16,55
379,Kindu,97,1.74,CD,2022-01-26 01:07:03,-2.95,25.95,68.94,99
380,Jinchang,95,2.93,CN,2022-01-26 01:11:56,38.4953,102.1739,19.13,57
381,Kondinskoye,94,5.99,RU,2022-01-26 01:11:57,59.6481,67.41,13.75,97
382,Roald,75,19.57,NO,2022-01-26 01:11:57,62.5833,6.1333,45.34,87
383,Mahibadhoo,100,10.54,MV,2022-01-26 01:11:57,3.7833,72.9667,79.81,65
384,Alta Floresta,90,2.19,BR,2022-01-26 01:11:58,-9.8756,-56.0861,72.05,95
385,Yeppoon,70,11.12,AU,2022-01-26 01:11:58,-23.1333,150.7333,87.58,61
386,Mayna,99,4.61,RU,2022-01-26 01:11:58,54.1135,47.6231,4.17,98
387,Ramanuj Ganj,0,2.68,IN,2022-01-26 01:11:58,23.8,83.7,47.39,85
388,Haikou,100,12.59,CN,2022-01-26 01:11:59,20.0458,110.3417,68.99,93
389,Minab,0,7.52,IR,2022-01-26 01:07:15,27.1467,57.0801,60.69,36
390,Douglas,0,1.01,US,2022-01-26 01:11:59,41.3,-96.167,17.15,52
391,Cayenne,20,1.01,GF,2022-01-26 01:12:00,4.9333,-52.3333,80.1,87
392,Ostrovnoy,19,17.9,RU,2022-01-26 01:12:00,68.0531,39.5131,17.76,84
393,Korla,0,4.5,CN,2022-01-26 01:12:00,41.7597,86.1469,22.3,67
394,Solnechnyy,40,2.17,RU,2022-01-26 01:12:00,50.7214,136.6319,-0.04,94
395,Pemangkat,31,8.08,ID,2022-01-26 01:12:01,1.1667,108.9667,79.45,81
396,Krasnoturansk,100,2.08,RU,2022-01-26 01:12:01,54.3186,91.5639,-10.41,97
397,Yugo-Kamskiy,84,4.23,RU,2022-01-26 01:12:01,57.7053,55.5894,3.22,99
398,Leh,100,3.89,IN,2022-01-26 01:12:02,34.1667,77.5833,-5.6,88
399,Boa Vista,40,11.5,BR,2022-01-26 01:12:02,2.8197,-60.6733,84.18,61
400,Nosy Varika,100,5.03,MG,2022-01-26 01:12:02,-20.5833,48.5333,72.77,82
401,Ola,99,8.7,RU,2022-01-26 01:12:03,59.5833,151.2833,-9.22,85
402,Kokopo,95,6.91,PG,2022-01-26 01:12:03,-4.352,152.2633,85.28,67
403,Floro,75,17.27,NO,2022-01-26 01:12:03,61.5996,5.0328,40.96,87
404,Beberibe,99,9.69,BR,2022-01-26 01:12:04,-4.1797,-38.1306,84.16,83
405,Yambio,100,3.85,SS,2022-01-26 01:12:04,4.5721,28.3955,72.39,32
406,Coquimbo,0,5.75,CL,2022-01-26 01:12:04,-29.9533,-71.3436,60.53,82
407,Yenagoa,69,2.44,NG,2022-01-26 01:12:05,4.9247,6.2642,76.21,93
408,Khani,100,5.79,GE,2022-01-26 01:12:05,41.9563,42.9566,29.77,84
409,Caorle,6,3.24,IT,2022-01-26 01:12:05,45.5966,12.8758,39.45,94
410,Padang,100,4.21,ID,2022-01-26 01:12:05,-0.9492,100.3543,77.05,83
411,Grand-Lahou,2,1.3,CI,2022-01-26 01:12:06,5.1367,-5.0242,77.0,83
412,Altea,44,11.81,ES,2022-01-26 01:12:06,38.5989,-0.0514,51.69,72
413,Miandrivazo,100,2.28,MG,2022-01-26 01:12:06,-19.5167,45.4667,74.07,87
414,Fuyu,98,4.05,CN,2022-01-26 01:12:07,45.1833,124.8167,0.52,97
415,Palana,100,5.55,RU,2022-01-26 01:13:07,59.1167,159.9667,-5.28,85
416,Vila,2,4.5,PT,2022-01-26 01:13:07,42.0304,-8.1588,38.32,83
417,Namatanai,74,5.77,PG,2022-01-26 01:13:08,-3.6667,152.4333,85.64,67
418,Nanchang,100,5.12,CN,2022-01-26 01:13:08,28.6833,115.8833,45.37,93
419,Honiara,100,8.41,SB,2022-01-26 01:13:08,-9.4333,159.95,82.69,79
420,Kanash,99,5.59,RU,2022-01-26 01:13:08,55.5086,47.4956,4.59,97
421,Kaduna,9,11.79,NG,2022-01-26 01:13:09,10.5222,7.4383,64.09,20
422,Tarko-Sale,96,13.18,RU,2022-01-26 01:13:09,64.9225,77.785,-6.56,98
423,Charleston,100,0.0,US,2022-01-26 01:10:07,32.7766,-79.9309,53.11,83
424,Haines Junction,15,4.54,CA,2022-01-26 01:13:09,60.7522,-137.5108,17.62,98
425,Semey,0,8.95,KZ,2022-01-26 01:13:10,50.4111,80.2275,-0.18,78
426,Fairbanks,40,10.36,US,2022-01-26 01:12:34,64.8378,-147.7164,19.36,71
427,Whitehorse,48,4.72,CA,2022-01-26 01:13:10,60.7161,-135.0538,16.5,94
428,Hecun,100,2.62,CN,2022-01-26 01:13:10,36.5333,114.1111,31.55,85
429,Oyek,56,3.85,RU,2022-01-26 01:13:11,52.5861,104.4556,-12.62,100
430,Sergeyevka,100,7.83,KZ,2022-01-26 01:13:11,53.88,67.4158,5.02,91
431,Blackfoot,11,1.05,US,2022-01-26 01:08:45,43.1905,-112.345,17.38,98
432,Vanersborg,100,13.8,SE,2022-01-26 01:13:11,58.3807,12.3234,41.74,93
433,Cap-Aux-Meules,100,18.41,CA,2022-01-26 01:13:12,47.3821,-61.8597,32.05,93
434,Santa Luzia,64,5.39,BR,2022-01-26 01:13:12,-19.7697,-43.8514,76.1,82
435,Englewood,20,0.0,US,2022-01-26 01:13:12,39.6478,-104.9878,27.21,84
436,Bambous Virieux,40,10.36,MU,2022-01-26 01:13:12,-20.3428,57.7575,75.45,69
437,The Valley,36,17.81,AI,2022-01-26 01:09:23,18.217,-63.0578,77.09,74
438,Plainview,0,1.99,US,2022-01-26 01:10:04,40.7765,-73.4673,35.51,62
439,Iki-Burul,100,0.83,RU,2022-01-26 01:13:13,45.8208,44.6472,17.94,87
440,Mao,0,3.44,ES,2022-01-26 01:13:13,39.8885,4.2658,41.56,93
441,Rabat,40,4.61,MA,2022-01-26 01:09:52,33.9911,-6.8401,57.04,94
442,Alofi,75,6.91,NU,2022-01-26 01:13:14,-19.0595,-169.9187,80.49,89
443,Deputatskiy,35,5.46,RU,2022-01-26 01:13:14,69.3,139.9,-31.65,99
444,Sobolevo,100,9.1,RU,2022-01-26 01:13:14,54.4299,31.8996,26.62,90
445,Rio Gallegos,20,17.27,AR,2022-01-26 01:11:30,-51.6226,-69.2181,51.85,40
446,Bandar-E Lengeh,0,1.63,IR,2022-01-26 01:13:14,26.5579,54.8807,66.34,51
447,Pathein,0,2.86,MM,2022-01-26 01:13:15,16.7833,94.7333,67.95,77
448,Oeiras Do Para,100,3.8,BR,2022-01-26 01:13:15,-2.0031,-49.8544,74.75,90
449,Fujin,92,3.87,CN,2022-01-26 01:13:15,47.26,132.0322,1.92,95
450,Mbinga,99,3.85,TZ,2022-01-26 01:13:16,-10.9333,35.0167,62.35,97
451,Birao,53,6.46,CF,2022-01-26 01:13:16,10.2849,22.7882,67.57,22
452,Caravelas,100,8.79,BR,2022-01-26 01:13:16,-17.7125,-39.2481,76.77,84
453,Vestmannaeyjar,100,12.62,IS,2022-01-26 01:13:16,63.4427,-20.2734,35.92,70
454,Masunga,100,17.47,BW,2022-01-26 01:13:17,-20.6246,27.4488,66.18,86
455,Naples,3,1.01,IT,2022-01-26 01:13:17,40.8333,14.25,44.15,58
456,Biak,96,5.06,ID,2022-01-26 01:13:17,-0.9131,122.8766,81.97,74
457,Shenjiamen,100,10.33,CN,2022-01-26 01:13:18,29.9576,122.298,47.82,86
458,Noyabrsk,99,10.78,RU,2022-01-26 01:13:18,63.1994,75.4507,-3.91,100
459,Puerto Escondido,0,0.0,MX,2022-01-26 01:13:18,15.85,-97.0667,81.43,65
460,Eydhafushi,78,10.16,MV,2022-01-26 01:13:19,5.1033,73.0708,80.13,62
461,Kon Tum,48,2.57,VN,2022-01-26 01:10:26,14.35,108.0,69.4,78
462,Nouakchott,1,11.56,MR,2022-01-26 01:13:19,18.0858,-15.9785,73.33,33
463,Moussoro,0,15.77,TD,2022-01-26 01:14:19,13.6408,16.4901,62.74,22
464,Bandarbeyla,3,17.47,SO,2022-01-26 01:14:20,9.4942,50.8122,72.72,66
465,Rocha,100,5.66,UY,2022-01-26 01:14:20,-34.4833,-54.3333,73.22,95
466,Eyl,8,13.0,SO,2022-01-26 01:14:20,7.9803,49.8164,70.0,70
467,Hwange,100,2.64,ZW,2022-01-26 01:14:21,-18.3693,26.5019,67.89,96
468,Kroya,100,3.38,ID,2022-01-26 01:14:21,-7.6331,109.2461,80.65,82
469,Santa Isabel Do Rio Negro,100,1.9,BR,2022-01-26 01:14:21,-0.4139,-65.0192,74.35,98
470,San Cristobal,100,2.33,VE,2022-01-26 01:14:21,7.7669,-72.225,75.38,82
471,Martapura,0,3.44,ID,2022-01-26 01:14:22,-3.4167,114.85,80.69,89
472,Itacare,100,7.72,BR,2022-01-26 01:14:22,-14.2775,-38.9967,76.24,88
473,Beyneu,28,15.99,KZ,2022-01-26 01:14:22,45.3167,55.2,28.83,75
474,Inongo,98,4.25,CD,2022-01-26 01:14:23,-1.95,18.2667,74.14,90
475,Itoman,20,10.36,JP,2022-01-26 01:14:23,26.1247,127.6694,68.4,63
476,Galesong,100,8.57,ID,2022-01-26 01:14:23,-5.3166,119.3661,82.42,77
477,Mount Gambier,100,8.05,AU,2022-01-26 01:14:23,-37.8333,140.7667,92.68,30
478,Esil,80,5.59,KZ,2022-01-26 01:14:24,51.9556,66.4042,-4.76,99
479,Beringovskiy,23,0.31,RU,2022-01-26 01:14:24,63.05,179.3167,-21.89,92
480,Sioux Lookout,99,4.43,CA,2022-01-26 01:10:51,50.1001,-91.917,-20.43,100
481,Kudahuvadhoo,100,11.5,MV,2022-01-26 01:14:25,2.6708,72.8944,79.61,66
482,Mon,78,1.59,IN,2022-01-26 01:14:25,26.75,95.1,51.39,93
483,Husavik,100,23.98,IS,2022-01-26 01:14:25,66.0449,-17.3389,31.91,93
484,Stornoway,100,3.0,GB,2022-01-26 01:14:25,58.2093,-6.3865,44.56,84
485,Tezu,100,2.3,IN,2022-01-26 01:14:26,27.9167,96.1667,58.15,58
486,Baykit,91,0.98,RU,2022-01-26 01:14:26,61.67,96.37,-19.19,100
487,Edd,85,8.5,ER,2022-01-26 01:14:26,13.9297,41.6925,77.56,66
488,Jiangyou,100,2.86,CN,2022-01-26 01:14:26,31.7667,104.7167,44.38,87
489,Taltal,0,3.94,CL,2022-01-26 01:14:27,-25.4,-70.4833,66.56,76
490,Mitu,100,2.62,CO,2022-01-26 01:14:12,1.1983,-70.1733,71.91,98
491,Rantepao,100,1.12,ID,2022-01-26 01:14:28,-2.9701,119.8978,77.67,67
492,Muddebihal,1,8.55,IN,2022-01-26 01:14:28,16.3333,76.1333,62.78,50
493,San Jose,0,1.99,US,2022-01-26 01:09:51,37.3394,-121.895,62.29,65
494,Hualmay,11,7.92,PE,2022-01-26 01:14:29,-11.0964,-77.6139,71.15,84
495,Hambantota,100,8.39,LK,2022-01-26 01:14:29,6.1241,81.1185,71.98,86
496,Bayir,96,6.22,TR,2022-01-26 01:14:29,37.2687,28.2167,28.92,95
497,Khasan,3,17.11,RU,2022-01-26 01:14:30,42.4308,130.6434,25.38,56
498,Gigmoto,99,7.94,PH,2022-01-26 01:14:30,13.7796,124.39,78.55,90
499,Shymkent,100,0.0,KZ,2022-01-26 01:14:30,42.3,69.6,23.59,100
500,Hami,3,3.78,CN,2022-01-26 01:14:31,42.8,93.45,21.2,51
501,Geraldton,0,17.27,AU,2022-01-26 01:14:31,-28.7667,114.6,81.01,36
502,Zemio,100,3.4,CF,2022-01-26 01:14:31,5.0314,25.1361,70.63,30
503,Sao Joaquim,14,2.98,BR,2022-01-26 01:14:31,-28.2939,-49.9317,63.23,80
504,Luau,100,2.3,AO,2022-01-26 01:14:32,-10.7073,22.2247,63.36,97
505,Ardakan,0,3.24,IR,2022-01-26 01:14:32,32.31,54.0175,43.52,32
506,Show Low,0,10.36,US,2022-01-26 01:14:32,34.2542,-110.0298,45.3,42
507,Port Pirie,0,11.41,AU,2022-01-26 01:14:32,-33.1833,138.0167,86.16,52
508,Vyartsilya,73,3.53,RU,2022-01-26 01:14:33,62.1764,30.693,12.11,98
509,Marsa Matruh,40,11.5,EG,2022-01-26 01:14:33,31.3525,27.2453,48.4,57
510,Manaus,75,2.3,BR,2022-01-26 01:13:58,-3.1019,-60.025,79.3,100
511,Jennings,20,1.99,US,2022-01-26 01:15:34,38.7192,-90.2604,20.35,60
512,Svetlogorsk,85,7.92,BY,2022-01-26 01:15:34,52.6333,29.7333,27.72,96
513,Sayyan,23,3.0,YE,2022-01-26 01:15:34,15.1718,44.3244,45.99,34
514,Papetoai,25,15.41,PF,2022-01-26 01:15:34,-17.4961,-149.8729,87.39,75
515,Kalbay,100,8.59,PH,2022-01-26 01:15:35,5.7233,125.4986,82.31,75
516,Batemans Bay,100,6.22,AU,2022-01-26 01:15:35,-35.7167,150.1833,82.2,71
517,Ermoupolis,100,31.79,GR,2022-01-26 01:15:35,37.4423,24.9425,43.29,67
518,Fort Nelson,75,16.11,CA,2022-01-26 01:15:27,58.8053,-122.7002,40.59,56
519,Iba,89,1.16,PH,2022-01-26 01:15:36,15.3667,120.0333,80.74,53
520,Barsovo,100,4.54,RU,2022-01-26 01:15:36,61.1667,73.1667,1.53,100
521,Calvinia,0,3.85,ZA,2022-01-26 01:15:36,-31.4707,19.776,74.75,38
522,Fenoarivo,75,5.75,MG,2022-01-26 01:15:37,-18.933,47.4354,60.87,94
523,Pangoa,10,2.17,PE,2022-01-26 01:15:37,-12.1167,-73.0,68.13,98
524,Saint George,0,1.01,US,2022-01-26 01:12:04,37.1041,-113.5841,48.63,35
525,Mikhaylovka,100,5.06,RU,2022-01-26 01:15:37,50.06,43.2379,9.77,99
526,Cortes,0,2.37,ES,2022-01-26 01:15:37,41.9395,-1.4396,40.44,81
527,Yulara,100,11.5,AU,2022-01-26 01:15:38,-25.2406,130.9889,91.24,46
528,Hay River,100,9.17,CA,2022-01-26 01:11:35,60.8156,-115.7999,16.86,90
529,Kungsbacka,100,20.0,SE,2022-01-26 01:15:38,57.4872,12.0761,44.08,100
530,Dinguiraye,98,1.61,GN,2022-01-26 01:15:39,11.3,-10.7167,69.03,14
531,Beckley,100,1.01,US,2022-01-26 01:13:47,37.7782,-81.1882,30.24,88
532,Alexandria,40,9.22,EG,2022-01-26 01:15:28,31.2156,29.9553,48.16,87
533,Harrisonville,0,8.05,US,2022-01-26 01:15:39,38.6533,-94.3488,21.42,46
534,Mandera,0,8.5,KE,2022-01-26 01:15:39,3.9366,41.867,75.06,28
535,Chapeco,99,2.71,BR,2022-01-26 01:11:29,-27.0964,-52.6183,69.37,81
536,Olafsvik,69,7.58,IS,2022-01-26 01:15:40,64.8945,-23.7142,32.13,73
537,Sunagawa,100,1.59,JP,2022-01-26 01:15:40,43.4864,141.9056,31.95,89
538,Siswa Bazar,10,5.75,IN,2022-01-26 01:15:40,27.15,83.7667,51.03,82
539,Tougue,28,2.1,GN,2022-01-26 01:15:41,11.4667,-11.6,65.34,14
540,Derzhavinsk,38,8.86,KZ,2022-01-26 01:15:41,51.1,66.3167,-0.99,88
541,Mweka,100,0.85,CD,2022-01-26 01:15:41,-4.85,21.5667,67.6,93
542,Parfenyevo,100,3.38,RU,2022-01-26 01:15:41,58.484,43.4088,-0.83,100
543,Magole,93,1.72,TZ,2022-01-26 01:15:42,-6.3667,37.3667,70.92,91
544,Aklavik,90,23.33,CA,2022-01-26 01:15:42,68.2191,-135.0107,20.12,89
545,Tautira,82,15.3,PF,2022-01-26 01:15:42,-17.7333,-149.15,87.82,78
546,Gorodovikovsk,98,3.18,RU,2022-01-26 01:15:43,46.0878,41.9335,25.65,94
547,San Borja,100,2.82,BO,2022-01-26 01:15:43,-14.8167,-66.85,76.55,88
548,Karpathos,44,16.11,GR,2022-01-26 01:15:43,35.507,27.2132,42.76,65
549,Nemuro,100,0.29,JP,2022-01-26 01:15:44,43.3236,145.575,23.43,73
550,Porto Velho,20,3.44,BR,2022-01-26 01:15:44,-8.7619,-63.9039,77.05,88
551,Straumen,100,7.16,NO,2022-01-26 01:15:44,63.8709,11.2999,37.4,97
552,Kayerkan,61,11.77,RU,2022-01-26 01:15:45,69.3497,87.7602,0.52,84
553,Kodinsk,92,2.01,RU,2022-01-26 01:15:45,58.6881,99.1844,-12.12,100
554,Gwanda,100,15.14,ZW,2022-01-26 01:15:45,-20.9333,29.0,66.87,96
555,Soligalich,100,2.91,RU,2022-01-26 01:15:45,59.0778,42.2864,13.86,96
556,Labuhan,99,13.33,ID,2022-01-26 01:15:46,-6.8844,112.2051,82.31,78
557,Winslow,100,5.01,US,2022-01-26 01:15:46,35.0242,-110.6974,46.58,36
558,Potsdam,100,1.99,DE,2022-01-26 01:16:46,52.3989,13.0657,41.45,94
559,Along,100,1.99,IN,2022-01-26 01:16:47,28.1667,94.7667,51.17,94
560,Kumta,19,5.1,IN,2022-01-26 01:16:47,14.4167,74.4,65.88,85
561,Tomatlan,2,3.22,MX,2022-01-26 01:16:47,19.9333,-105.25,71.67,72
562,Monrovia,0,4.94,LR,2022-01-26 01:15:28,6.3005,-10.7969,78.31,82
563,Macapa,0,2.3,BR,2022-01-26 01:16:48,0.0389,-51.0664,78.78,94
564,Marrakesh,40,9.22,MA,2022-01-26 01:16:48,31.6315,-8.0083,50.07,93
565,Abu Samrah,45,10.94,SY,2022-01-26 01:16:48,35.3029,37.1841,41.23,75
566,Katherine,40,11.5,AU,2022-01-26 01:16:48,-14.4667,132.2667,82.72,74
567,Ocher,100,6.33,RU,2022-01-26 01:16:49,57.8904,54.7202,-1.17,97
568,Tacuarembo,100,1.48,UY,2022-01-26 01:16:49,-31.7333,-55.9833,74.53,90
569,Soavinandriana,100,3.53,MG,2022-01-26 01:16:49,-19.1667,46.7333,57.58,90
570,Aitape,96,2.44,PG,2022-01-26 01:16:50,-3.1374,142.3475,84.99,67
571,Vanimo,70,3.2,PG,2022-01-26 01:16:50,-2.6741,141.3028,85.08,67
572,Tevriz,100,0.25,RU,2022-01-26 01:16:50,57.509,72.4042,-6.99,100
573,Sacama,100,1.79,EC,2022-01-26 01:16:50,-3.9,-79.2667,52.54,98
